,...1,county,trade_name,account,license_type,expiration_date,lat,lon,address_full,publish_date,state,expired_y_n,edit,
1,4379,WASHINGTON,AMERICAN LEGION,63**7797,Cigarette Vending,2/28/25,40.24857733,-80.21182624,"48 WESTERN AVE HOUSTON, PA 15342-1547",12/1/22,PA,ACTIVE,"lat, lon",
2,4380,WASHINGTON,AMERICAN LEGION,63**7797,Cigarette Vending,2/28/25,40.1162335,-80.0084077,"500 MAIN STREET BENTLEYVILLE, PA 15314",12/1/22,PA,ACTIVE,"lat, lon, address_full",
3,4753,ALLEGHENY,APPIAN WAY,63**7797,Cigarette Vending,2/28/25,40.50949,-80.23946743,"418 MOON CLINTON RD MOON TOWNSHIP, PA 15108-3824",12/1/22,PA,ACTIVE,"lat, lon",
4,5837,DAUPHIN,BELFIORE MUSIC & CIGARETTE CO,63**7797,Cigarette Vending,2/28/25,NA,NA,"BOX HARRISBURG, PA 17128-0001",12/1/22,PA,ACTIVE,"lat, lon",
5,8012,ALLEGHENY,CENTER CLUB,65**7908,Cigarette Vending,2/28/25,40.4760522,-79.75443849,"528 THOMAS ST PITTSBURGH, PA 15239-1928",12/1/22,PA,ACTIVE,"lat, lon",
6,8463,INDIANA,CHOICE TOB OUTLET #3111,70**8010,Cig/OTP Retail,2/28/21,40.62239039,-79.14593005,400 PHILADELPHIA ST INDIANA PA 15701-3910,5/18/20,PA,EXPIRED,"lat, lon",
7,8708,BEAVER,CIRCKLE K #4205,70**8006,Cig/OTP Retail,2/28/21,40.59893016,-80.22666372,1599 DUSS AVE AMBRIDGE PA 15003-1929,5/18/20,PA,EXPIRED,"lat, lon",
8,8728,BEAVER,CIRCLE K #4209,70**8010,Cig/OTP Retail,2/28/21,40.60696242,-80.27874026,2105 SHEFFIELD RD ALIQUIPPA PA 15001-2731,5/18/20,PA,EXPIRED,"lat, lon",
9,9250,ALLEGHENY,COGOS 321,70**8001,Cig/OTP Retail,2/28/21,40.32756073,-80.03173323,2733 S PARK RD BETHEL PARK PA 15102-3805,5/18/20,PA,EXPIRED,"lat, lon",
10,9302,ALLEGHENY,COLLIERS SPORTS,63**7797,Cigarette Vending,2/28/25,40.3954858,-80.12846744,"77 WALKERS MILL RD OAKDALE, PA 15071-2110",12/1/22,PA,ACTIVE,"lat, lon",
11,9723,ERIE,COUNTRY FAIR INC 1,70**8001,Cigarette/OTP Retail,2/28/25,42.1111049,-80.12754352,1939 W 8TH ST ERIE PA 16505-4936,5/26/21,PA,ACTIVE,"lat, lon",
12,9724,ERIE,COUNTRY FAIR INC 12,70**8009,Cigarette/OTP Retail,2/28/25,41.9441149,-79.9858404,430 HIGH ST WATERFORD PA 16441,5/26/21,PA,ACTIVE,"lat, lon",
13,9726,ERIE,COUNTRY FAIR INC 2,70**8002,Cigarette/OTP Retail,2/28/25,42.11971952,-80.05152343,957 E 26TH ST ERIE PA 16504,5/26/21,PA,ACTIVE,"lat, lon",
14,9968,MCKEAN,CROSBY'S #83,70**8006,Cigarette/OTP Retail,2/28/25,41.95744282,-78.66275089,242 W WASHINGTON ST BRADFORD PA 16701,5/26/21,PA,ACTIVE,"lat, lon",
15,9971,MCKEAN,CROSBY'S #86,70**8009,Cigarette/OTP Retail,2/28/25,41.93141207,-78.65270563,573 SOUTH AVE BRADFORD PA 16701-3975,5/26/21,PA,ACTIVE,"lat, lon",
16,9976,ERIE,CROSBYS # 96,70**8010,Cigarette/OTP Retail,2/28/25,41.92166319,-79.63578376,247 E MAIN ST CORRY PA 16407-1908,5/26/21,PA,ACTIVE,"lat, lon",
17,10790,WASHINGTON,DENNYS ROADHOUSE,63**7797,Cigarette Vending,2/28/25,40.19628038,-80.00023641,"3431 ROUTE 136 FINLEYVILLE, PA 15332-3810",12/1/22,PA,ACTIVE,"lat, lon","This place is CLOSED, maybe for the last 3 years at least "
18,12666,ALLEGHENY,DOWNEY HOUSE,63**7797,Cigarette Vending,2/28/25,40.44378116,-80.14539911,"6080 STEUBENVILLE PIKE MC KEES ROCKS, PA 15136-1398",12/1/22,PA,ACTIVE,"lat, lon",
19,12821,ALLEGHENY,DUKES SHALER SUNOCO,70**8010,Cigarette/OTP Retail,2/28/25,40.49581701,-79.97684004,1329 BABCOCK BLVD PITTSBURGH PA 15209-1628,5/26/21,PA,ACTIVE,"lat, lon",
20,12882,ALLEGHENY,DUTCH CLUB,63**7797,Cigarette Vending,2/28/25,40.44359993,-80.04063373,"925 CHARTIERS AVE PITTSBURGH, PA 15220-5620",12/1/22,PA,ACTIVE,"lat, lon",
21,12946,ALLEGHENY,E MCKEESPORT MOOSE,65**7908,Cigarette Vending,2/28/25,40.38287851,-79.80970874,"995 5th Ave, East McKeesport, PA 15035",12/1/22,PA,ACTIVE,"lat, lon, address_full","Could this be the moose lodge? If yes, maybe we keep it. If questioning, drop it. I'll add the addres here anyway"
22,13209,ALLEGHENY,EDDIES,65**7908,Cigarette Vending,2/28/25,40.39445962,-79.78542077,"509 WALL AVENUE WALL, PA 15148",12/1/22,PA,ACTIVE,"lat, lon, address_full",
23,14725,ALLEGHENY,FAN CLUB,65**7908,Cigarette Vending,2/28/25,40.395582,-79.80596369,"1065 314 Airbrake Ave, Wilmerding, PA 15148",12/1/22,PA,ACTIVE,"lat, lon, address_full",Fan club sports bar?
24,15286,ALLEGHENY,FORT PITT TAVERN,65**7908,Cigarette Vending,2/28/25,40.44008155,-80.21038006,"7780 STEUBENVILLE OAKDALE, PA 15071",12/1/22,PA,ACTIVE,"lat, lon, address_full",
25,15534,WASHINGTON,FRENCH CLUB,63**7797,Cigarette Vending,2/28/25,40.26761527,-80.17472777,"527 DUQUESNE AVE CANONSBURG, PA 15317-2135",12/1/22,PA,ACTIVE,"lat, lon",
26,18184,WASHINGTON,HARRINGTONS,63**7797,Cigarette Vending,2/28/25,40.38114982,-80.26144946,"717 ROBINSON HWY MC DONALD, PA 15057-2209",12/1/22,PA,ACTIVE,"lat, lon",
27,18236,WESTMORELAND,HARTFORD HGTS VFD,65**7908,Cigarette Vending,2/28/25,40.35298646,-79.76729277,"14335 STATE ROUTE 30 NORTH HUNTINGDON, PA 15642-1070",12/1/22,PA,ACTIVE,"lat, lon",
28,18242,WASHINGTON,HARTS,63**7797,Cigarette Vending,2/28/25,40.36681809,-80.23653962,"112 3RD ST MC DONALD, PA 15057-1142",12/1/22,PA,ACTIVE,"lat, lon",
29,18420,WESTMORELAND,HEMPFIELD LEGION,65**7908,Cigarette Vending,2/28/25,40.26471778,-79.67278687,"227 Ladysmith Rd, Darragh, PA 15625",12/1/22,PA,ACTIVE,"lat, lon, address_full",West Hempfield American Legion Post 53
30,19499,WESTMORELAND,IRWIN COUNTRY CLUB,65**7908,Cigarette Vending,2/28/25,40.36387017,-79.70635905,"594 SIMPSON ROAD NORTH HUNTINGDON, PA 15642",12/1/22,PA,ACTIVE,"lat, lon, address_full",
31,19500,WESTMORELAND,IRWIN LEGION POST 259,65**7908,Cigarette Vending,2/28/25,40.33125222,-79.70808855,"359 Walnut St, Irwin, PA 15642",12/1/22,PA,ACTIVE,"lat, lon, address_full",American Legion in Irwin PA
32,20465,WASHINGTON,JIMMY GS,63**7797,Cigarette Vending,2/28/25,40.25301794,-80.18392766,"341 SOUTH CENTRAL AVE CANONSBURG, PA 15317",12/1/22,PA,ACTIVE,"lat, lon, address_full",North changed to south
33,22618,WASHINGTON,LABOR TEMPLE,63**7797,Cigarette Vending,2/28/25,40.25716056,-80.18539692,"15 S CENTRAL AVE CANONSBURG, PA 15317-1516",12/1/22,PA,ACTIVE,"lat, lon",
34,22811,WESTMORELAND,LARIMER VOL FIRE DEPT,65**7908,Cigarette Vending,2/28/25,40.3446713,-79.7261231,"1340 Brownstown Rd, Larimer, PA 15647",12/1/22,PA,ACTIVE,"lat, lon, address_full",Address for larimer vol fire dept
35,23124,WESTMORELAND,LEVEL GREEN FIRE HALL,65**7908,Cigarette Vending,2/28/25,40.39076972,-79.72898929,"536 HARRISON CITY ROAD LEVEL GREEN, PA 15085",12/1/22,PA,ACTIVE,"lat, lon",
36,23482,DAUPHIN,LISI OIL CO,70**8001,Cigarette/OTP Retail,2/28/23,40.55216776,-76.8060476,4175 RTE 209 ELIZABETHVILLE PA 17023,5/18/20,PA,EXPIRED,"lat, lon",
37,23483,DAUPHIN,LISI OIL CO,70**8002,Cigarette/OTP Retail,2/28/23,40.56764023,-76.7133575,25 MAIN ST LYKENS PA 17048-1141,5/18/20,PA,EXPIRED,"lat, lon",
38,23505,WASHINGTON,LITHUANIAN CLUB,63**7797,Cigarette Vending,2/29/24,40.11049004,-80.01235607,"151 MAIN ST BENTLEYVILLE, PA 15314-1528",12/1/22,PA,EXPIRED,"lat, lon",
39,24353,ALLEGHENY,MACS CONVENIENCE STORE 4200,70**8001,Cig/OTP Retail,2/28/21,40.47159425,-80.02733224,2903 BRIGHTON RD PITTSBURGH PA 15212-2609,5/18/20,PA,EXPIRED,"lat, lon",
40,24364,ALLEGHENY,MACS CONVENIENCE STORS 4201,70**8002,Cig/OTP Retail,2/28/21,40.49483759,-79.93673162,501 N MAIN ST SHARPSBURG PA 15215-2043,5/18/20,PA,EXPIRED,"lat, lon",
41,25569,WASHINGTON,MICHAELS,63**7797,Cigarette Vending,2/28/25,40.37117844,-80.230142,"341 E LINCOLN AVE MCDONALD, PA 15057-1457",12/1/22,PA,ACTIVE,"lat, lon",
42,25811,WASHINGTON,MINGO INN,63**7797,Cigarette Vending,2/29/24,40.18665681,-80.05524169,"RD#4 ROUTE 136 BOX 484 EIGHTY FOUR, PA 15330",12/1/22,PA,EXPIRED,"lat, lon",
43,26068,BEAVER,MONACA SUNOCO,70**8009,Cigarette/OTP Retail,2/28/25,40.67106532,-80.30984522,1479 BROADHEAD RD MONACA PA 15061,5/26/21,PA,ACTIVE,"lat, lon",
44,26117,ALLEGHENY,MONROEVILLE VFD,65**7908,Cigarette Vending,2/28/25,40.44643836,-79.75801219,"100 SECO RD MONROEVILLE, PA 15146-1418",12/1/22,PA,ACTIVE,"lat, lon",
45,26207,WASHINGTON,MOOSE CLUB #172,63**7797,Cigarette Vending,2/28/25,40.25255254,-80.00357258,"3545 WASHINGTON AVE FINLEYVILLE, PA 15332-1345",12/1/22,PA,ACTIVE,"lat, lon",
46,26571,ALLEGHENY,MUZZIS,63**7797,Cigarette Vending,2/28/25,40.39203174,-80.08792776,"408 2ND ST HEIDELBERG, PA 15106-4062",12/1/22,PA,ACTIVE,"lat, lon",
47,27802,WESTMORELAND,NORTH IRWIN VOL FIRE DEPT,65**7908,Cigarette Vending,2/28/25,40.33699681,-79.71003004,"29 Broadway Ave, North Irwin, PA 15642",12/1/22,PA,ACTIVE,"lat, lon, address_full",
48,28562,WASHINGTON,OUR GANG,63**7797,Cigarette Vending,2/28/25,40.02215703,-80.09252396,"1754 MAIN STREET BOX 481 MARIANNA, PA 15345",12/1/22,PA,ACTIVE,"lat, lon",The Lamphouse bar? Not sure
49,28574,BLAIR,OUTLET 1708,70**8002,Cig/OTP Retail,2/28/22,40.42471381,-78.42944348,1014 3RD AVE DUNCANSVILLE PA 16635-1348,5/26/21,PA,EXPIRED,"lat, lon",
50,28713,WESTMORELAND,PAINTERTOWN VFW,65**7908,Cigarette Vending,2/28/25,40.35730494,-79.70408903,"1010 TRAY RD IRWIN, PA 15642-8736",12/1/22,PA,ACTIVE,"lat, lon",
51,28953,PHILADELPHIA,PARADIES PLEASANT NEWS LLC,70**8001,Cig/OTP Retail,2/29/20,39.876255,-75.242962,BC CONNECTOR SPACE M18 PHILADELPHIA PA 19153,1/29/20,PA,EXPIRED,NA,This actually is the airport
52,28954,PHILADELPHIA,PARADIES PLEASANT NEWS LLC,70**8002,Cig/OTP Retail,2/29/20,39.876255,-75.242962,BC CONNECTOR SPACE M18 PHILADELPHIA PA 19153,1/29/20,PA,EXPIRED,NA,This actually is the airport
53,28955,PHILADELPHIA,PARADIES PLEASANT NEWS LLC,70**8006,Cig/OTP Retail,2/29/20,39.876255,-75.242962,BC CONNECTOR SPACE M18 PHILADELPHIA PA 19153,1/29/20,PA,EXPIRED,NA,This actually is the airport
54,28956,PHILADELPHIA,PARADIES PLEASANT NEWS LLC,70**8009,Cig/OTP Retail,2/29/20,39.876255,-75.242962,BC CONNECTOR SPACE M18 PHILADELPHIA PA 19153,1/29/20,PA,EXPIRED,NA,This actually is the airport
55,28957,PHILADELPHIA,PARADIES PLEASANT NEWS LLC,70**8010,Cig/OTP Retail,2/29/20,39.876255,-75.242962,BC CONNECTOR SPACE M18 PHILADELPHIA PA 19153,1/29/20,PA,EXPIRED,NA,This actually is the airport
56,30015,ALLEGHENY,POLISH AM CIT CLUB,63**7797,Cigarette Vending,2/28/25,40.39645834,-80.09063157,"811 PAUL ST CARNEGIE, PA 15106-3413",12/1/22,PA,ACTIVE,"lat, lon",
57,32333,MONROE,RITE AID 11063,70**8002,Cigarette/OTP Retail,2/29/24,40.98987522,-75.18834136,228 MAIN ST STROUDSBURG PA 18360-2502,5/26/21,PA,EXPIRED,"lat, lon",
58,32334,LACKAWANNA,RITE AID 11064,70**8006,Cigarette/OTP Retail,2/28/25,41.50743101,-75.57875762,791 SCRANTON CARBONDALE HWY EYNON PA 18403-1021,5/26/21,PA,ACTIVE,"lat, lon",
59,32337,LUZERNE,RITE AID 11081,70**8009,Cigarette/OTP Retail,2/28/25,41.28199326,-75.89779502,556 UNION ST WILKES BARRE PA 18709-1245,5/26/21,PA,ACTIVE,"lat, lon",
60,32506,NORTHUMBERLAND,RITE AID PHARMACY #00205,70**8006,Cig/OTP Retail,2/29/20,40.79066794,-76.55738114,26 W INDEPENDENCE ST SHAMOKIN PA 17872-5314,1/29/20,PA,EXPIRED,"lat, lon",
61,32508,SCHUYLKILL,RITE AID PHARMACY #00208,70**8009,Cig/OTP Retail,2/29/20,40.81997521,-76.20069181,15 S MAIN ST SHENANDOAH PA 17976-2332,1/29/20,PA,EXPIRED,"lat, lon",
62,33130,ALLEGHENY,ROO BAR,65**7908,Cigarette Vending,2/28/25,40.35130377,-79.83056487,"699 ONEIL BLVD MCKEESPORT, PA 15132-1440",12/1/22,PA,ACTIVE,"lat, lon",
63,33356,WASHINGTON,ROYS BY THE TRACK,63**7797,Cigarette Vending,2/28/25,40.2522581,-80.0028009,"3710 STATE ROUTE 88 FINLEYVILLE, PA 15332-1362",12/1/22,PA,ACTIVE,"lat, lon",
64,33462,ALLEGHENY,RULLOS BAR,63**7797,Cigarette Vending,2/29/24,40.43465551,-80.06721165,"65 STATION ST CRAFTON, PA 15205-2848",12/1/22,PA,EXPIRED,"lat, lon",
65,33472,WESTMORELAND,RUMPSHAKERS,65**7908,Cigarette Vending,2/28/23,40.38494947,-79.76045071,"409 Cavitt Ave, Trafford, PA 15085",12/1/22,PA,EXPIRED,"lat, lon, address_full",
66,34732,ALLEGHENY,SETTLE INN,63**7797,Cigarette Vending,2/28/25,40.45150111,-80.20623352,"297 MAHONEY RD CORAOPOLIS, PA 15108-9797",12/1/22,PA,ACTIVE,"lat, lon",
67,36544,BUTLER,SMOKER FRIENDLY,70**8001,Cigarette/OTP Retail,2/28/25,40.72022561,-80.1049009,20880 ROUTE 19 CRANBERRY TWP PA 16066-5902,5/26/21,PA,ACTIVE,"lat, lon",
68,36545,ALLEGHENY,SMOKER FRIENDLY,70**8002,Cigarette/OTP Retail,2/28/25,40.61657721,-79.94657596,"5325 William Flinn Hwy, Gibsonia, PA 15044",5/26/21,PA,ACTIVE,"lat, lon, address_full",
69,36548,CRAWFORD,SMOKER FRIENDLY,70**8006,Cigarette/OTP Retail,2/28/25,41.62540044,-80.18950032,"17342 Conneaut Lake Rd, Meadville, PA 16335",5/26/21,PA,ACTIVE,"lat, lon, address_full",
70,36551,ALLEGHENY,SMOKER FRIENDLY #15,70**8009,Cigarette/OTP Retail,2/28/25,40.63068436,-80.05787675,11969 PERRY HWY WEXFORD PA 15090-8602,5/26/21,PA,ACTIVE,"lat, lon",
71,36599,PIKE,SMOKERS CHOICE,70**8001,Cigarette/OTP Retail,2/28/25,41.35990843,-74.71100134,1 ELIZABETH ST MATAMORAS PA 18336-1704,5/26/21,PA,ACTIVE,"lat, lon",
72,36601,LUZERNE,SMOKERS CHOICE,70**8006,Cigarette/OTP Retail,2/28/25,41.3194419,-75.77706993,323 LAUREL ST PITTSTON PA 18640-3537,5/26/21,PA,ACTIVE,"lat, lon",
73,36603,PIKE,SMOKERS CHOICE,70**8009,Cigarette/OTP Retail,2/28/25,41.35237536,-74.73094042,102 MILFORD LANDING DRIVE MILFORD PA 18337,5/26/21,PA,ACTIVE,"lat, lon",
74,36606,BLAIR,SMOKERS EXP CIG OTL 170,70**8001,Cig/OTP Retail,2/28/22,40.46214039,-78.39581478,"400 S Logan Blvd, Altoona, PA 16602",5/26/21,PA,EXPIRED,"lat, lon, address_full",
75,36618,BUCKS,SMOKERS EXPRESS,70**8001,Cigarette/OTP Retail,2/28/25,40.16959729,-74.84875784,525 S OXFORD VALLEY RD FAIRLESS HILLS PA 19030-2612,5/26/21,PA,ACTIVE,"lat, lon",
76,36625,BUCKS,SMOKERS EXPRESS 1106,70**8006,Cigarette/OTP Retail,2/28/23,40.15434245,-74.97406082,544 ANDREWS RD TREVOSE PA 19053-3433,5/26/21,PA,EXPIRED,"lat, lon",
77,36632,LYCOMING,SMOKERS EXPRESS 1701,70**8006,Cig/OTP Retail,2/28/22,41.23049074,-76.9911107,42 E MOUNTAIN AVE S WILLIAMSPOR PA 17702-7630,5/26/21,PA,EXPIRED,"lat, lon",
78,36633,SNYDER,SMOKERS EXPRESS 1702,70**8010,Cig/OTP Retail,2/28/22,40.80563081,-76.85839685,513 N MARKET ST SELINSGROVE PA 17870-2003,5/26/21,PA,EXPIRED,"lat, lon",
79,36636,LYCOMING,SMOKERS EXPRESS 1706,70**8009,Cig/OTP Retail,2/28/21,41.20514371,-76.78637586,16 S MAIN ST MUNCY PA 17756-1307,5/18/20,PA,EXPIRED,"lat, lon",
80,38066,ALLEGHENY,STURGEON AA CLUB,63**7797,Cigarette Vending,2/28/25,40.38477557,-80.21067824,"7561 Noblestown Rd, Sturgeon, PA 15082",12/1/22,PA,ACTIVE,"lat, lon, address_full",AA club? Athletics association?
81,38755,YORK,SUPERCENTER 1529,70**8006,Cigarette/OTP Retail,2/28/25,39.97772356,-76.67181326,2801 E MARKET ST BLDG B YORK PA 17402-2406,5/26/21,PA,ACTIVE,"lat, lon",
82,38757,MIFFLIN,SUPERCENTER 1607,70**8002,Cigarette/OTP Retail,2/28/25,40.58141085,-77.61150496,"10180 U.S. 522 S, Lewistown, PA 17044",5/26/21,PA,ACTIVE,"lat, lon, address_full",
83,38758,CENTRE,SUPERCENTER 1640,70**8001,Cigarette/OTP Retail,2/29/24,40.8098086,-77.89725733,1665 N ATHERTON ST STATE COLLEGE PA 16803-1417,5/26/21,PA,EXPIRED,"lat, lon",
84,38759,CRAWFORD,SUPERCENTER 1656,70**8009,Cigarette/OTP Retail,2/28/25,41.62189898,-80.21380654,16086 CONNEAUT LAKE RD MEADVILLE PA 16335-3884,5/26/21,PA,ACTIVE,"lat, lon",
85,39519,ALLEGHENY,THE HUT,65**7908,Cigarette Vending,2/28/25,40.41725569,-79.81442041,"1111 JAMES ST TURTLE CREEK, PA 15145-1505",12/1/22,PA,ACTIVE,"lat, lon",
86,39633,ALLEGHENY,THE ROSE,65**7908,Cigarette Vending,2/28/25,40.32392949,-79.78322921,"LINCOLN HWY WHITE OAK, PA 15131",12/1/22,PA,ACTIVE,"lat, lon",
87,41399,ALLEGHENY,UKRANIAN CLUB,65**7908,Cigarette Vending,2/28/25,40.39464489,-79.80192857,"113 Watkins Ave, Wilmerding, PA 15148",12/1/22,PA,ACTIVE,"lat, lon, address_full",
88,41459,CENTRE,UNI MART #3106,70**8001,Cig/OTP Retail,2/28/21,40.90063786,-78.20951326,1473 PORT MATILDA HWY PHILIPSBURG PA 16866-3124,5/18/20,PA,EXPIRED,"lat, lon",
89,41460,FRANKLIN,UNI MART #3130,70**8009,Cig/OTP Retail,2/29/20,39.83497729,-77.90520076,11886 BUCHANAN TRL W MERCERSBURG PA 17236-9767,1/29/20,PA,EXPIRED,"lat, lon",
90,42250,ALLEGHENY,VFW,65**7908,Cigarette Vending,2/28/23,40.51718741,-80.16279069,"412 Mulberry St, Coraopolis, PA 15108",12/1/22,PA,EXPIRED,"lat, lon, address_full",
91,42643,BEDFORD,WAL MART 1684,70**8010,Cigarette/OTP Retail,2/28/25,40.0231882,-78.44714954,72 BEDFORD SQ EVERETT PA 15537-6934,5/26/21,PA,ACTIVE,"lat, lon",
92,44635,WASHINGTON,WESTLAND CLUB,63**7797,Cigarette Vending,2/28/25,40.27944247,-80.27121469,"291 Hornhead Rd, Westland, PA 15378",12/1/22,PA,ACTIVE,"lat, lon, address_full",
93,279,NA,101 ROUTE 4 ASSOCIATES INC,NJ_22_4467,NA,3/31/23,NA,NA,"NA, NA, NA, 00000",4/1/22,NJ,ACTIVE,NA,
94,280,NA,101 ROUTE 4 ASSOCIATES INC,NJ_22_4469,NA,3/31/23,40.0583238,-74.4056612,"NA, NA, NJ, 00000",4/1/22,NJ,ACTIVE,NA,
95,917,NA,328 FUEL INC,NJ_22_7614,NA,3/31/23,40.0583238,-74.4056612,"NA, NA, NJ, 00000",4/1/22,NJ,ACTIVE,NA,
96,1166,NA,4ZONE LLC,NJ_22_7571,NA,3/31/23,40.0583238,-74.4056612,"NA, NA, NJ, 00000",4/1/22,NJ,ACTIVE,NA,
97,1738,NA,7-ELEVEN 11036G,NJ_22_2215,NA,3/31/23,NA,NA,"NA, NA, NA, 00000",4/1/22,NJ,ACTIVE,NA,
98,1781,NA,7-ELEVEN 18024C,NJ_22_2073,NA,3/31/23,NA,NA,"NA, NA, NA, 00000",4/1/22,NJ,ACTIVE,NA,
99,1803,NA,7-ELEVEN 2412-34272A,NJ_22_3263,NA,3/31/23,NA,NA,"NA, NA, NA, 00000",4/1/22,NJ,ACTIVE,NA,
100,1854,NA,7-ELEVEN 34157A,NJ_22_3184,NA,3/31/23,NA,NA,"NA, NA, NA, 00000",4/1/22,NJ,ACTIVE,NA,
101,1887,NA,7-ELEVEN STORE #10954-H,NJ_22_5646,NA,3/31/23,40.0583238,-74.4056612,"NA, NA, NJ, 00000",4/1/22,NJ,ACTIVE,NA,
102,1892,NA,7-ELEVEN STORE #11007-C,NJ_22_8232,NA,3/31/23,40.0583238,-74.4056612,"NA, NA, NJ, 00000",4/1/22,NJ,ACTIVE,NA,
103,1927,NA,7-ELEVEN STORE #11458-F,NJ_22_8174,NA,3/31/23,40.0583238,-74.4056612,"NA, NA, NJ, 00000",4/1/22,NJ,ACTIVE,NA,
104,1930,NA,7-ELEVEN STORE #16061-E,NJ_22_8317,NA,3/31/23,40.0583238,-74.4056612,"NA, NA, NJ, 00000",4/1/22,NJ,ACTIVE,NA,
105,1942,NA,7-ELEVEN STORE #20302-F,NJ_22_8217,NA,3/31/23,40.0583238,-74.4056612,"NA, NA, NJ, 00000",4/1/22,NJ,ACTIVE,NA,
106,1982,NA,7-ELEVEN STORE #32162-K,NJ_22_5647,NA,3/31/23,40.0583238,-74.4056612,"NA, NA, NJ, 00000",4/1/22,NJ,ACTIVE,NA,
107,2060,NA,7-ELEVEN STORE #37695-A,NJ_22_7180,NA,3/31/23,NA,NA,"NA, NA, NA, 00000",4/1/22,NJ,ACTIVE,NA,
108,2076,NA,7-ELEVEN STORE #38428-A,NJ_22_7046,NA,3/31/23,NA,NA,"NA, NA, NA, 00000",4/1/22,NJ,ACTIVE,NA,
109,2079,NA,7-ELEVEN STORE #38462-B,NJ_22_8299,NA,3/31/23,40.0583238,-74.4056612,"NA, NA, NJ, 00000",4/1/22,NJ,ACTIVE,NA,
110,2081,NA,7-ELEVEN STORE #38462-H,NJ_22_5645,NA,3/31/23,40.0583238,-74.4056612,"NA, NA, NJ, 00000",4/1/22,NJ,ACTIVE,NA,
111,2097,NA,7-ELEVEN STORE #39300-C,NJ_22_8293,NA,3/31/23,40.0583238,-74.4056612,"NA, NA, NJ, 00000",4/1/22,NJ,ACTIVE,NA,
112,2105,NA,7-ELEVEN STORE #39643-A,NJ_22_6895,NA,3/31/23,40.0583238,-74.4056612,"NA, NA, NJ, 00000",4/1/22,NJ,ACTIVE,NA,
113,2166,NA,7-ELEVEN STORE #41819-H,NJ_22_5648,NA,3/31/23,40.0583238,-74.4056612,"NA, NA, NJ, 00000",4/1/22,NJ,ACTIVE,NA,
114,2339,NA,7-ELEVEN STORE 2412-39585A,NJ_22_5590,NA,3/31/23,NA,NA,"NA, NA, NA, 00000",4/1/22,NJ,ACTIVE,NA,
115,2428,NA,7-ELEVEN STORE 35693A,NJ_22_4690,NA,3/31/23,NA,NA,"NA, NA, NA, 00000",4/1/22,NJ,ACTIVE,NA,
116,2435,NA,7-ELEVEN STORE 37718A,NJ_22_6271,NA,3/31/23,NA,NA,"NA, NA, NA, 00000",4/1/22,NJ,ACTIVE,NA,
117,2450,NA,7-ELEVEN STORE# 2413-36048A,NJ_22_4568,NA,3/31/23,NA,NA,"NA, NA, NA, 00000",4/1/22,NJ,ACTIVE,NA,
118,2927,NA,A J DELI & GROCERY STORE II LLC,NJ_22_6795,NA,3/31/23,NA,NA,"NA, NA, NA, 00000",4/1/22,NJ,ACTIVE,NA,
119,2956,NA,A P INVESTMENTS INCORPORATED,NJ_22_6438,NA,3/31/23,NA,NA,"NA, NA, NA, 00000",4/1/22,NJ,ACTIVE,NA,
120,3082,NA,A T MINI MARKET LLC,NJ_22_5798,NA,3/31/23,NA,NA,"NA, NA, NA, 00000",4/1/22,NJ,ACTIVE,NA,
121,3171,NA,A.L.B LIQUORS INC,NJ_22_8092,NA,3/31/23,40.0583238,-74.4056612,"NA, NA, NJ, 00000",4/1/22,NJ,ACTIVE,NA,
122,3663,NA,ADELINE DELI & GROCERY LLC,NJ_22_8286,NA,3/31/23,40.0583238,-74.4056612,"NA, NA, NJ, 00000",4/1/22,NJ,ACTIVE,NA,
123,3898,NA,AL MINI MARKET,NJ_22_4565,NA,3/31/23,NA,NA,"NA, NA, NA, 00000",4/1/22,NJ,ACTIVE,NA,
124,3902,NA,AL PETROLEUM LLC,NJ_22_7256,NA,3/31/23,40.0583238,-74.4056612,"NA, NA, NJ, 00000",4/1/22,NJ,ACTIVE,NA,
125,4091,NA,ALL BROTHER LIQUOR #2,NJ_22_303,NA,3/31/23,NA,NA,"NA, NA, NA, 00000",4/1/22,NJ,ACTIVE,NA,
126,4450,NA,AMG RETAIL I LLC,NJ_22_6164,NA,3/31/23,NA,NA,"NA, NA, NA, 00000",4/1/22,NJ,ACTIVE,NA,
127,4582,NA,ANEEKA 23 CORP,NJ_22_7149,NA,3/31/23,NA,NA,"NA, NA, NA, 00000",4/1/22,NJ,ACTIVE,NA,
128,4638,NA,ANJ MERCHANTS LLC,NJ_22_6586,NA,3/31/23,NA,NA,"NA, NA, NA, 00000",4/1/22,NJ,ACTIVE,NA,
129,4777,NA,APPLEGREEN NJ WELCOME CENTRES LLC,NJ_22_7787,NA,3/31/23,40.0583238,-74.4056612,"NA, NA, NJ, 00000",4/1/22,NJ,ACTIVE,NA,
130,4778,NA,APPLEGREEN NJ WELCOME CENTRES LLC,NJ_22_7788,NA,3/31/23,40.0583238,-74.4056612,"NA, NA, NJ, 00000",4/1/22,NJ,ACTIVE,NA,
131,4821,NA,ARCHANGEL MICHAEL & PRINCE THEODORE LLC,NJ_22_8272,NA,3/31/23,40.0583238,-74.4056612,"NA, NA, NJ, 00000",4/1/22,NJ,ACTIVE,NA,
132,4957,NA,ASA PETROLEUM INC.,NJ_22_5963,NA,3/31/23,NA,NA,"NA, NA, NA, 00000",4/1/22,NJ,ACTIVE,NA,
133,4960,NA,ASALUM LLC,NJ_22_8343,NA,3/31/23,40.0583238,-74.4056612,"NA, NA, NJ, 00000",4/1/22,NJ,ACTIVE,NA,
134,5316,NA,B-LINE DELI GROCERY & STORE LLC,NJ_22_6614,NA,3/31/23,40.0583238,-74.4056612,"NA, NA, NJ, 00000",4/1/22,NJ,ACTIVE,NA,
135,5328,NA,BABA FAST FOOD LLC,NJ_22_5021,NA,3/31/23,NA,NA,"NA, NA, NA, 00000",4/1/22,NJ,ACTIVE,NA,
136,5331,NA,BABA NANAK PETRO INC,NJ_22_7535,NA,3/31/23,NA,NA,"NA, NA, NA, 00000",4/1/22,NJ,ACTIVE,NA,
137,5971,NA,BERKELEY LIQUOR OUTLET,NJ_22_501,NA,3/31/23,NA,NA,"NA, NA, NA, 00000",4/1/22,NJ,ACTIVE,NA,
138,6033,NA,BEST TROPICAL 2 LLC,NJ_22_6093,NA,3/31/23,NA,NA,"NA, NA, NA, 00000",4/1/22,NJ,ACTIVE,NA,
139,6216,NA,BIG GWOAH LLC,NJ_22_8235,NA,3/31/23,40.0583238,-74.4056612,"NA, NA, NJ, 00000",4/1/22,NJ,ACTIVE,NA,
140,6579,NA,BOARDWALK FASHION,NJ_22_200,NA,3/31/23,40.0583238,-74.4056612,"NA, NA, NJ, 00000",4/1/22,NJ,ACTIVE,NA,
141,6690,NA,BORGATA & CO,NJ_19_2957,NA,3/31/21,39.3788733,-74.4334392,"ONE BORGATA WAY, ATLANTIC CITY, NJ, 08401",4/1/19,NJ,EXPIRED,NA,
142,6691,NA,BORGATA & CO,NJ_19_7016,NA,3/31/21,39.3788733,-74.4334392,"ONE BORGATA WAY, ATLANTIC CITY, NJ, 08401",4/1/19,NJ,EXPIRED,NA,
143,6692,NA,BORGATA & CO,NJ_19_7017,NA,3/31/21,39.3788733,-74.4334392,"ONE BORGATA WAY, ATLANTIC CITY, NJ, 08401",4/1/19,NJ,EXPIRED,NA,
144,6693,NA,BORGATA & CO,NJ_19_7018,NA,3/31/21,39.3788733,-74.4334392,"ONE BORGATA WAY, ATLANTIC CITY, NJ, 08401",4/1/19,NJ,EXPIRED,NA,
145,6694,NA,BORGATA & CO,NJ_19_7019,NA,3/31/21,39.3788733,-74.4334392,"ONE BORGATA WAY, ATLANTIC CITY, NJ, 08401",4/1/19,NJ,EXPIRED,NA,
146,6695,NA,BORGATA & CO,NJ_19_7021,NA,3/31/21,39.3788733,-74.4334392,"ONE BORGATA WAY, ATLANTIC CITY, NJ, 08401",4/1/19,NJ,EXPIRED,NA,
147,6697,NA,BORGATA COLLECTIONS,NJ_19_2957,NA,3/31/21,39.3788733,-74.4334392,"ONE BORGATA WAY, ATLANTIC CITY, NJ, 08401",4/1/19,NJ,EXPIRED,NA,
148,6698,NA,BORGATA COLLECTIONS,NJ_19_7016,NA,3/31/21,39.3788733,-74.4334392,"ONE BORGATA WAY, ATLANTIC CITY, NJ, 08401",4/1/19,NJ,EXPIRED,NA,
149,6699,NA,BORGATA COLLECTIONS,NJ_19_7017,NA,3/31/21,39.3788733,-74.4334392,"ONE BORGATA WAY, ATLANTIC CITY, NJ, 08401",4/1/19,NJ,EXPIRED,NA,
150,6700,NA,BORGATA COLLECTIONS,NJ_19_7018,NA,3/31/21,39.3788733,-74.4334392,"ONE BORGATA WAY, ATLANTIC CITY, NJ, 08401",4/1/19,NJ,EXPIRED,NA,
151,6701,NA,BORGATA COLLECTIONS,NJ_19_7019,NA,3/31/21,39.3788733,-74.4334392,"ONE BORGATA WAY, ATLANTIC CITY, NJ, 08401",4/1/19,NJ,EXPIRED,NA,
152,6702,NA,BORGATA COLLECTIONS,NJ_19_7021,NA,3/31/21,39.3788733,-74.4334392,"ONE BORGATA WAY, ATLANTIC CITY, NJ, 08401",4/1/19,NJ,EXPIRED,NA,
153,6809,NA,BP,NJ_22_6534,NA,3/31/23,NA,NA,"NA, NA, NA, 00000",4/1/22,NJ,ACTIVE,NA,
154,6836,NA,BP GROCERY,NJ_22_574,NA,3/31/23,NA,NA,"NA, NA, NA, 00000",4/1/22,NJ,ACTIVE,NA,
155,7581,NA,CAFE SERENDIPITY LLC,NJ_22_6406,NA,3/31/23,NA,NA,"NA, NA, NA, 00000",4/1/22,NJ,ACTIVE,NA,
156,7711,NA,CAPE LIQUORS,NJ_22_1368,NA,3/31/23,NA,NA,"NA, NA, NA, 00000",4/1/22,NJ,ACTIVE,NA,
157,8378,NA,CHINA HOUSE,NJ_22_3991,NA,3/31/23,NA,NA,"NA, NA, NA, 00000",4/1/22,NJ,ACTIVE,NA,
158,8561,NA,CIAO,NJ_19_2957,NA,3/31/21,39.3788733,-74.4334392,"ONE BORGATA WAY, ATLANTIC CITY, NJ, 08401",4/1/19,NJ,EXPIRED,NA,
159,8562,NA,CIAO,NJ_19_7016,NA,3/31/21,39.3788733,-74.4334392,"ONE BORGATA WAY, ATLANTIC CITY, NJ, 08401",4/1/19,NJ,EXPIRED,NA,
160,8563,NA,CIAO,NJ_19_7017,NA,3/31/21,39.3788733,-74.4334392,"ONE BORGATA WAY, ATLANTIC CITY, NJ, 08401",4/1/19,NJ,EXPIRED,NA,
161,8564,NA,CIAO,NJ_19_7018,NA,3/31/21,39.3788733,-74.4334392,"ONE BORGATA WAY, ATLANTIC CITY, NJ, 08401",4/1/19,NJ,EXPIRED,NA,
162,8565,NA,CIAO,NJ_19_7019,NA,3/31/21,39.3788733,-74.4334392,"ONE BORGATA WAY, ATLANTIC CITY, NJ, 08401",4/1/19,NJ,EXPIRED,NA,
163,8566,NA,CIAO,NJ_19_7021,NA,3/31/21,39.3788733,-74.4334392,"ONE BORGATA WAY, ATLANTIC CITY, NJ, 08401",4/1/19,NJ,EXPIRED,NA,
164,8825,NA,CITY GROCERY 2 LLC,NJ_22_7565,NA,3/31/23,40.0583238,-74.4056612,"NA, NA, NJ, 00000",4/1/22,NJ,ACTIVE,NA,
165,9295,NA,COLLADO URENA GROCERY DELI,NJ_22_4612,NA,3/31/23,NA,NA,"NA, NA, NA, 00000",4/1/22,NJ,ACTIVE,NA,
166,9453,NA,CONVENIENCE SHOP LLC,NJ_22_3823,NA,3/31/23,40.0583238,-74.4056612,"NA, NA, NJ, 00000",4/1/22,NJ,ACTIVE,NA,
167,9792,NA,COUNTRY LAKES PUB & GRILL,NJ_22_4674,NA,3/31/23,NA,NA,"NA, NA, NA, 00000",4/1/22,NJ,ACTIVE,NA,
168,10060,NA,CURTYS PLACE LLC,NJ_22_6978,NA,3/31/23,40.0583238,-74.4056612,"NA, NA, NJ, 00000",4/1/22,NJ,ACTIVE,NA,
169,10078,NA,CUTUPU GROCERY LLC,NJ_22_7710,NA,3/31/23,40.0583238,-74.4056612,"NA, NA, NJ, 00000",4/1/22,NJ,ACTIVE,NA,
170,11151,NA,"DOLGEN, LLC",NJ_22_5471,NA,3/31/23,40.0583238,-74.4056612,"NA, NA, NJ, 00000",4/1/22,NJ,ACTIVE,NA,
171,12235,NA,DOLLAR GENERAL STORE #8336,NJ_22_5295,NA,3/31/23,NA,NA,"NA, NA, NA, 00000",4/1/22,NJ,ACTIVE,NA,
172,12518,NA,DOLLAR PLUS,NJ_22_6402,NA,3/31/23,NA,NA,"NA, NA, NA, 00000",4/1/22,NJ,ACTIVE,NA,
173,12593,NA,DONA CHELY GROCERY STORE,NJ_22_5292,NA,3/31/23,NA,NA,"NA, NA, NA, 00000",4/1/22,NJ,ACTIVE,NA,
174,12720,NA,DREAMERS  SUPERMARKET 2 LIMITED LIABILITY COMPANY,NJ_22_4261,NA,3/31/23,40.0583238,-74.4056612,"NA, NA, NJ, 00000",4/1/22,NJ,ACTIVE,NA,
175,13424,NA,EL RINCON SUPERMARKET 1 CORP,NJ_22_5839,NA,3/31/23,40.0583238,-74.4056612,"NA, NA, NJ, 00000",4/1/22,NJ,ACTIVE,NA,
176,13568,NA,ELMORA LIQUORS,NJ_22_8220,NA,3/31/23,40.0583238,-74.4056612,"NA, NA, NJ, 00000",4/1/22,NJ,ACTIVE,NA,
177,13587,NA,ELWOOD VALERO,NJ_22_1553,NA,3/31/23,NA,NA,"NA, NA, NA, 00000",4/1/22,NJ,ACTIVE,NA,
178,13671,NA,ENDHAL INVESTMENTS INC,NJ_22_8029,NA,3/31/23,40.0583238,-74.4056612,"NA, NA, NJ, 00000",4/1/22,NJ,ACTIVE,NA,
179,13778,NA,ESQUIRE NEWS AND SMOKE SHOP,NJ_22_3380,NA,3/31/23,NA,NA,"NA, NA, NA, 00000",4/1/22,NJ,ACTIVE,NA,
180,13781,NA,ESSENTIALS,NJ_19_2957,NA,3/31/21,39.3788733,-74.4334392,"ONE BORGATA WAY, ATLANTIC CITY, NJ, 08401",4/1/19,NJ,EXPIRED,NA,
181,13782,NA,ESSENTIALS,NJ_19_7016,NA,3/31/21,39.3788733,-74.4334392,"ONE BORGATA WAY, ATLANTIC CITY, NJ, 08401",4/1/19,NJ,EXPIRED,NA,
182,13783,NA,ESSENTIALS,NJ_19_7017,NA,3/31/21,39.3788733,-74.4334392,"ONE BORGATA WAY, ATLANTIC CITY, NJ, 08401",4/1/19,NJ,EXPIRED,NA,
183,13784,NA,ESSENTIALS,NJ_19_7018,NA,3/31/21,39.3788733,-74.4334392,"ONE BORGATA WAY, ATLANTIC CITY, NJ, 08401",4/1/19,NJ,EXPIRED,NA,
184,13785,NA,ESSENTIALS,NJ_19_7019,NA,3/31/21,39.3788733,-74.4334392,"ONE BORGATA WAY, ATLANTIC CITY, NJ, 08401",4/1/19,NJ,EXPIRED,NA,
185,13786,NA,ESSENTIALS,NJ_19_7021,NA,3/31/21,39.3788733,-74.4334392,"ONE BORGATA WAY, ATLANTIC CITY, NJ, 08401",4/1/19,NJ,EXPIRED,NA,
186,13874,NA,EVOLVE,NJ_22_7816,NA,3/31/23,40.0583238,-74.4056612,"NA, NA, NJ, 00000",4/1/22,NJ,ACTIVE,NA,
187,13878,NA,EWING TOBACCO OUTLET INC,NJ_22_6640,NA,3/31/23,NA,NA,"NA, NA, NA, 00000",4/1/22,NJ,ACTIVE,NA,
188,13979,NA,EXPRESS LIQUOR WAREHOUSE,NJ_22_5020,NA,3/31/23,NA,NA,"NA, NA, NA, 00000",4/1/22,NJ,ACTIVE,NA,
189,13988,NA,EXPRESS MART,NJ_22_4719,NA,3/31/23,NA,NA,"NA, NA, NA, 00000",4/1/22,NJ,ACTIVE,NA,
190,14186,NA,FAIRFIELD NEWS & FOOD STORE,NJ_22_2974,NA,3/31/23,NA,NA,"NA, NA, NA, 00000",4/1/22,NJ,ACTIVE,NA,
191,14800,NA,FASTWAY SHOP,NJ_22_4871,NA,3/31/23,NA,NA,"NA, NA, NA, 00000",4/1/22,NJ,ACTIVE,NA,
192,14897,NA,FERNANDEZ FOOD MARKET,NJ_22_5670,NA,3/31/23,NA,NA,"NA, NA, NA, 00000",4/1/22,NJ,ACTIVE,NA,
193,15376,NA,"FRANK'S DELI, LLC",NJ_22_5499,NA,3/31/23,40.0583238,-74.4056612,"NA, NA, NJ, 00000",4/1/22,NJ,ACTIVE,NA,
194,15435,NA,FRANKLIN TURNPIKE ASSOCIATES INC,NJ_22_4046,NA,3/31/23,NA,NA,"NA, NA, NA, 00000",4/1/22,NJ,ACTIVE,NA,
195,15803,NA,G & S PETROLEUM LLC,NJ_22_6155,NA,3/31/23,NA,NA,"NA, NA, NA, 00000",4/1/22,NJ,ACTIVE,NA,
196,15890,NA,GALLAGHERS BUY RITE,NJ_22_2337,NA,3/31/23,NA,NA,"NA, NA, NA, 00000",4/1/22,NJ,ACTIVE,NA,
197,16055,NA,GASTON TO GO LLC,NJ_22_7654,NA,3/31/23,40.0583238,-74.4056612,"NA, NA, NJ, 00000",4/1/22,NJ,ACTIVE,NA,
198,16119,NA,GENERES MINIMARKET LLC,NJ_22_7530,NA,3/31/23,40.0583238,-74.4056612,"NA, NA, NJ, 00000",4/1/22,NJ,ACTIVE,NA,
199,16879,NA,GLORY'S INNER EYE LLC,NJ_22_6399,NA,3/31/23,NA,NA,"NA, NA, NA, 00000",4/1/22,NJ,ACTIVE,NA,
200,16930,NA,"GOBRANDS, INC.",NJ_22_4952,NA,3/31/23,40.0583238,-74.4056612,"NA, NA, NJ, 00000",4/1/22,NJ,ACTIVE,NA,
201,17016,NA,GOLDEN STAR CHINESE KITCHEN,NJ_22_133,NA,3/31/23,NA,NA,"NA, NA, NA, 00000",4/1/22,NJ,ACTIVE,NA,
202,17103,NA,GOODLUCK FOOD MART INC,NJ_22_7632,NA,3/31/23,40.0583238,-74.4056612,"NA, NA, NJ, 00000",4/1/22,NJ,ACTIVE,NA,
203,17513,NA,GROVE CONVENIENCE,NJ_22_505,NA,3/31/23,NA,NA,"NA, NA, NA, 00000",4/1/22,NJ,ACTIVE,NA,
204,17731,NA,H H&D  SONS CORPORATION,NJ_22_5716,NA,3/31/23,NA,NA,"NA, NA, NA, 00000",4/1/22,NJ,ACTIVE,NA,
205,17766,NA,H-MART,NJ_22_2320,NA,3/31/23,NA,NA,"NA, NA, NA, 00000",4/1/22,NJ,ACTIVE,NA,
206,17778,NA,HABER LIQUORS LIMITED LIABILITY COMPANY,NJ_22_3912,NA,3/31/23,NA,NA,"NA, NA, NA, 00000",4/1/22,NJ,ACTIVE,NA,
207,17837,NA,HALEDON GAS & AUTO  INC,NJ_22_4745,NA,3/31/23,NA,NA,"NA, NA, NA, 00000",4/1/22,NJ,ACTIVE,NA,
208,17868,NA,HAMILTON BP CORP,NJ_22_6424,NA,3/31/23,NA,NA,"NA, NA, NA, 00000",4/1/22,NJ,ACTIVE,NA,
209,18078,NA,HARBOR MARKET,NJ_22_8025,NA,3/31/23,40.0583238,-74.4056612,"NA, NA, NJ, 00000",4/1/22,NJ,ACTIVE,NA,
210,18479,NA,HERITAGE DAIRY 25,NJ_22_1041,NA,3/31/23,NA,NA,"NA, NA, NA, 00000",4/1/22,NJ,ACTIVE,NA,
211,18485,NA,HERITAGE DAIRY 30,NJ_22_1044,NA,3/31/23,NA,NA,"NA, NA, NA, 00000",4/1/22,NJ,ACTIVE,NA,
212,19148,NA,HUDSON NEWS,NJ_22_2922,NA,3/31/23,NA,NA,"NA, NA, NA, 00000",4/1/22,NJ,ACTIVE,NA,
213,19149,NA,HUDSON NEWS,NJ_22_2923,NA,3/31/23,NA,NA,"NA, NA, NA, 00000",4/1/22,NJ,ACTIVE,NA,
214,19150,NA,HUDSON NEWS,NJ_22_2924,NA,3/31/23,NA,NA,"NA, NA, NA, 00000",4/1/22,NJ,ACTIVE,NA,
215,19151,NA,HUDSON NEWS,NJ_22_2925,NA,3/31/23,NA,NA,"NA, NA, NA, 00000",4/1/22,NJ,ACTIVE,NA,
216,19167,NA,HUDSON NEWS STORE #7,NJ_22_5147,NA,3/31/23,NA,NA,"NA, NA, NA, 00000",4/1/22,NJ,ACTIVE,NA,
217,19309,NA,IJ ENERGY LIMITED LIABILTY COMPANY,NJ_22_4487,NA,3/31/23,NA,NA,"NA, NA, NA, 00000",4/1/22,NJ,ACTIVE,NA,
218,19563,NA,ISTANBUL FOOD MARKET,NJ_22_2610,NA,3/31/23,NA,NA,"NA, NA, NA, 00000",4/1/22,NJ,ACTIVE,NA,
219,19973,NA,JALO FAMILY CANDY STORE,NJ_22_5656,NA,3/31/23,NA,NA,"NA, NA, NA, 00000",4/1/22,NJ,ACTIVE,NA,
220,20018,NA,JANSHA LLC,NJ_22_7648,NA,3/31/23,40.0583238,-74.4056612,"NA, NA, NJ, 00000",4/1/22,NJ,ACTIVE,NA,
221,20118,NA,JAY KRISHNA LLC,NJ_22_7270,NA,3/31/23,40.0583238,-74.4056612,"NA, NA, NJ, 00000",4/1/22,NJ,ACTIVE,NA,
222,20303,NA,JENNY'S MINI MARKET 2 LLC,NJ_22_7709,NA,3/31/23,40.0583238,-74.4056612,"NA, NA, NJ, 00000",4/1/22,NJ,ACTIVE,NA,
223,20351,NA,JERSEY PETROLEUM LLC,NJ_22_3837,NA,3/31/23,NA,NA,"NA, NA, NA, 00000",4/1/22,NJ,ACTIVE,NA,
224,20384,NA,JETA SERVICE STATION INC,NJ_22_7540,NA,3/31/23,40.0583238,-74.4056612,"NA, NA, NJ, 00000",4/1/22,NJ,ACTIVE,NA,
225,20629,NA,JOEL MINI MARKET,NJ_22_2881,NA,3/31/23,NA,NA,"NA, NA, NA, 00000",4/1/22,NJ,ACTIVE,NA,
226,20675,NA,JOHN & DOUGS,NJ_22_1870,NA,3/31/23,NA,NA,"NA, NA, NA, 00000",4/1/22,NJ,ACTIVE,NA,
227,21114,NA,KAIGHN LIQUOR INCORPORATED,NJ_22_7055,NA,3/31/23,NA,NA,"NA, NA, NA, 00000",4/1/22,NJ,ACTIVE,NA,
228,21183,NA,KARAN PETRO INC.,NJ_22_7526,NA,3/31/23,40.0583238,-74.4056612,"NA, NA, NJ, 00000",4/1/22,NJ,ACTIVE,NA,
229,21241,NA,KASHTBHANJAN DEV INC,NJ_22_7728,NA,3/31/23,40.0583238,-74.4056612,"NA, NA, NJ, 00000",4/1/22,NJ,ACTIVE,NA,
230,21469,NA,KEW GARDEN 347 WANG INC.,NJ_22_6921,NA,3/31/23,40.0583238,-74.4056612,"NA, NA, NJ, 00000",4/1/22,NJ,ACTIVE,NA,
231,21673,NA,KING OF VAPES LLC,NJ_22_8322,NA,3/31/23,40.0583238,-74.4056612,"NA, NA, NJ, 00000",4/1/22,NJ,ACTIVE,NA,
232,21884,NA,KM AND KS ENTERPRISES INC,NJ_22_4044,NA,3/31/23,NA,NA,"NA, NA, NA, 00000",4/1/22,NJ,ACTIVE,NA,
233,21911,NA,KMB DELI GROCERY LLC,NJ_22_5796,NA,3/31/23,NA,NA,"NA, NA, NA, 00000",4/1/22,NJ,ACTIVE,NA,
234,21996,NA,KP & JP FUEL INC,NJ_22_7319,NA,3/31/23,40.0583238,-74.4056612,"NA, NA, NJ, 00000",4/1/22,NJ,ACTIVE,NA,
235,22069,NA,KRAUSZER'S FOOD STORE,NJ_22_8333,NA,3/31/23,40.0583238,-74.4056612,"NA, NA, NJ, 00000",4/1/22,NJ,ACTIVE,NA,
236,22331,NA,KWIK KORNER LLC,NJ_22_6229,NA,3/31/23,NA,NA,"NA, NA, NA, 00000",4/1/22,NJ,ACTIVE,NA,
237,22715,NA,LALJI GURU CORPORATION,NJ_22_7615,NA,3/31/23,40.0583238,-74.4056612,"NA, NA, NJ, 00000",4/1/22,NJ,ACTIVE,NA,
238,22891,NA,LATINOAMERICANA DELI AND GROCERY LLC,NJ_22_3407,NA,3/31/23,40.0583238,-74.4056612,"NA, NA, NJ, 00000",4/1/22,NJ,ACTIVE,NA,
239,23372,NA,LINEAR HOLDINGS LLC,NJ_22_7010,NA,3/31/23,40.0583238,-74.4056612,"NA, NA, NJ, 00000",4/1/22,NJ,ACTIVE,NA,
240,23624,NA,LOBBY SHOP,NJ_22_2740,NA,3/31/23,NA,NA,"NA, NA, NA, 00000",4/1/22,NJ,ACTIVE,NA,
241,23810,NA,LOTUS LEAF,NJ_22_3543,NA,3/31/23,NA,NA,"NA, NA, NA, 00000",4/1/22,NJ,ACTIVE,NA,
242,24245,NA,M STAR SERVICES LLC,NJ_22_6404,NA,3/31/23,40.0583238,-74.4056612,"NA, NA, NJ, 00000",4/1/22,NJ,ACTIVE,NA,
243,24402,NA,MADISON QUICK STOP LLC,NJ_22_4026,NA,3/31/23,NA,NA,"NA, NA, NA, 00000",4/1/22,NJ,ACTIVE,NA,
244,24471,NA,MAHANTJI LLC,NJ_22_6968,NA,3/31/23,NA,NA,"NA, NA, NA, 00000",4/1/22,NJ,ACTIVE,NA,
245,24549,NA,MAIN ST MINI MARKET,NJ_22_3103,NA,3/31/23,NA,NA,"NA, NA, NA, 00000",4/1/22,NJ,ACTIVE,NA,
246,24557,NA,MAIN STREET DELI,NJ_22_2465,NA,3/31/23,NA,NA,"NA, NA, NA, 00000",4/1/22,NJ,ACTIVE,NA,
247,24700,NA,MANI KRUPA LLC,NJ_22_8143,NA,3/31/23,40.0583238,-74.4056612,"NA, NA, NJ, 00000",4/1/22,NJ,ACTIVE,NA,
248,24744,NA,MANSFIELD BOTTLE KING INC,NJ_22_2149,NA,3/31/23,NA,NA,"NA, NA, NA, 00000",4/1/22,NJ,ACTIVE,NA,
249,25074,NA,MARYMINA PETROLEUM INC,NJ_22_6678,NA,3/31/23,NA,NA,"NA, NA, NA, 00000",4/1/22,NJ,ACTIVE,NA,
250,25477,NA,METRO MARKETPLACE 2 LLC,NJ_22_4997,NA,3/31/23,NA,NA,"NA, NA, NA, 00000",4/1/22,NJ,ACTIVE,NA,
251,25493,NA,METUCHEN SERVICE STATION INC.,NJ_22_8301,NA,3/31/23,40.0583238,-74.4056612,"NA, NA, NJ, 00000",4/1/22,NJ,ACTIVE,NA,
252,25494,NA,METUCHEN SERVICE STATION INC.,NJ_22_8368,NA,3/31/23,40.0583238,-74.4056612,"NA, NA, NJ, 00000",4/1/22,NJ,ACTIVE,NA,
253,26308,NA,MOUNTAIN VALLEY FINE WINES AND LIQUORS LIMITED LIABILITY,NJ_22_5682,NA,3/31/23,NA,NA,"NA, NA, NA, 00000",4/1/22,NJ,ACTIVE,NA,
254,26455,NA,MT PROSPECT GROCERY STORE 1 LLC,NJ_22_5036,NA,3/31/23,40.0583238,-74.4056612,"NA, NA, NJ, 00000",4/1/22,NJ,ACTIVE,NA,
255,26950,NA,NERMEEN LIMITED LIABILITY COMPANY,NJ_22_4586,NA,3/31/23,NA,NA,"NA, NA, NA, 00000",4/1/22,NJ,ACTIVE,NA,
256,27017,NA,NEW BROTHER MINI MARKET AND DELI,NJ_22_4658,NA,3/31/23,NA,NA,"NA, NA, NA, 00000",4/1/22,NJ,ACTIVE,NA,
257,27342,NA,NEW WAY SUPERMARKET,NJ_22_5066,NA,3/31/23,NA,NA,"NA, NA, NA, 00000",4/1/22,NJ,ACTIVE,NA,
258,27653,NA,NJBH LIQUORS FOR LESS INC,NJ_22_7165,NA,3/31/23,40.0583238,-74.4056612,"NA, NA, NJ, 00000",4/1/22,NJ,ACTIVE,NA,
259,27777,NA,NORTH BERGEN LIQUORS,NJ_22_1725,NA,3/31/23,NA,NA,"NA, NA, NA, 00000",4/1/22,NJ,ACTIVE,NA,
260,27958,NA,NY WHOLESALE AND RETAIL INC,NJ_22_7802,NA,3/31/23,NA,NA,"3014 MT EPHRAIM AVE # 3016, HADDON TOWNSHIP, NJ, 08104",4/1/22,NJ,ACTIVE,NA,
261,28029,NA,OB LIQUOR LLC,NJ_22_7931,NA,3/31/23,40.0583238,-74.4056612,"NA, NA, NJ, 00000",4/1/22,NJ,ACTIVE,NA,
262,28055,NA,OCEANSIDE TEES & SOUVINEERS,NJ_22_219,NA,3/31/23,NA,NA,"NA, NA, NA, 00000",4/1/22,NJ,ACTIVE,NA,
263,28114,NA,OLD BRIDGE GAS CORP,NJ_22_7810,NA,3/31/23,40.0583238,-74.4056612,"NA, NA, NJ, 00000",4/1/22,NJ,ACTIVE,NA,
264,28220,NA,OM HARIKRISHNA LLC,NJ_22_514,NA,3/31/23,NA,NA,"NA, NA, NA, 00000",4/1/22,NJ,ACTIVE,NA,
265,28330,NA,ONE STEP SMOKE SHOP,NJ_22_121,NA,3/31/23,40.0583238,-74.4056612,"NA, NA, NJ, 00000",4/1/22,NJ,ACTIVE,NA,
266,28414,NA,"ONO, INC.",NJ_22_1666,NA,3/31/23,NA,NA,"NA, NA, NA, 00000",4/1/22,NJ,ACTIVE,NA,
267,28718,NA,PAISANO MULTISERVICES LLC,NJ_22_8367,NA,3/31/23,40.0583238,-74.4056612,"NA, NA, NJ, 00000",4/1/22,NJ,ACTIVE,NA,
268,28765,NA,PALMER CONVENIENCE,NJ_22_2639,NA,3/31/23,NA,NA,"NA, NA, NA, 00000",4/1/22,NJ,ACTIVE,NA,
269,28782,NA,PALMYRA DOLLAR PLUS MART,NJ_22_2939,NA,3/31/23,NA,NA,"NA, NA, NA, 00000",4/1/22,NJ,ACTIVE,NA,
270,28803,NA,PANDA WOK,NJ_22_3776,NA,3/31/23,NA,NA,"NA, NA, NA, 00000",4/1/22,NJ,ACTIVE,NA,
271,28874,NA,PAO DE ACUCAR A SUPERMARKET,NJ_22_6673,NA,3/31/23,40.0583238,-74.4056612,"NA, NA, NJ, 00000",4/1/22,NJ,ACTIVE,NA,
272,29156,NA,PATRI MEAT MARKET,NJ_22_5653,NA,3/31/23,NA,NA,"NA, NA, NA, 00000",4/1/22,NJ,ACTIVE,NA,
273,29210,NA,PAULSBORO EXXON,NJ_22_1989,NA,3/31/23,NA,NA,"NA, NA, NA, 00000",4/1/22,NJ,ACTIVE,NA,
274,29673,NA,PILOT TRAVEL CENTER #190,NJ_22_3516,NA,3/31/23,NA,NA,"NA, NA, NA, 00000",4/1/22,NJ,ACTIVE,NA,
275,29791,NA,PITMAN FUEL AND SNACK LLC,NJ_22_8269,NA,3/31/23,40.0583238,-74.4056612,"NA, NA, NJ, 00000",4/1/22,NJ,ACTIVE,NA,
276,29953,NA,PMG PIP NORTH LLC,NJ_22_5715,NA,3/31/23,NA,NA,"NA, NA, NA, 00000",4/1/22,NJ,ACTIVE,NA,
277,30146,NA,POWER GAS,NJ_22_1723,NA,3/31/23,NA,NA,"NA, NA, NA, 00000",4/1/22,NJ,ACTIVE,NA,
278,30148,NA,POWER GAS STATION,NJ_22_2137,NA,3/31/23,NA,NA,"NA, NA, NA, 00000",4/1/22,NJ,ACTIVE,NA,
279,30381,NA,PROSPECT LIQUORS LLC,NJ_22_4596,NA,3/31/23,NA,NA,"NA, NA, NA, 00000",4/1/22,NJ,ACTIVE,NA,
280,30561,NA,PUFFCITY,NJ_22_8257,NA,3/31/23,40.0583238,-74.4056612,"NA, NA, NJ, 00000",4/1/22,NJ,ACTIVE,NA,
281,30791,NA,QUICK CHEK 40,NJ_22_1234,NA,3/31/23,NA,NA,"NA, NA, NA, 00000",4/1/22,NJ,ACTIVE,NA,
282,30890,NA,QUICK FOOD & BAGEL,NJ_22_6408,NA,3/31/23,NA,NA,"NA, NA, NA, 00000",4/1/22,NJ,ACTIVE,NA,
283,31031,NA,QUICK STOP FOOD STORE,NJ_22_4566,NA,3/31/23,NA,NA,"NA, NA, NA, 00000",4/1/22,NJ,ACTIVE,NA,
284,31430,NA,RAMOCO MARKETING GROUP LLC,NJ_22_5830,NA,3/31/23,NA,NA,"NA, NA, NA, 00000",4/1/22,NJ,ACTIVE,NA,
285,31825,NA,REY'S MINI MARKET III LLC,NJ_22_7589,NA,3/31/23,40.0583238,-74.4056612,"NA, NA, NJ, 00000",4/1/22,NJ,ACTIVE,NA,
286,31865,NA,RG GROUP AND SONS CORPORATION,NJ_22_371,NA,3/31/23,NA,NA,"401 PALISADE AVE # 403, JERSEY CITY, NJ, 07307",4/1/22,NJ,ACTIVE,NA,
287,31868,NA,RGH OIL CORPORATION,NJ_22_2331,NA,3/31/23,NA,NA,"NA, NA, NA, 00000",4/1/22,NJ,ACTIVE,NA,
288,32833,NA,RIVERSIDE MINI MARKET 2 LLC,NJ_22_5937,NA,3/31/23,NA,NA,"NA, NA, NA, 00000",4/1/22,NJ,ACTIVE,NA,
289,32957,NA,ROCIO GROCERY LLC,NJ_22_6910,NA,3/31/23,40.0583238,-74.4056612,"NA, NA, NJ, 00000",4/1/22,NJ,ACTIVE,NA,
290,34057,NA,SALEM FOOD MART,NJ_22_3128,NA,3/31/23,NA,NA,"NA, NA, NA, 00000",4/1/22,NJ,ACTIVE,NA,
291,34083,NA,"SAM CHEUNG, INC.",NJ_22_2390,NA,3/31/23,NA,NA,"NA, NA, NA, 00000",4/1/22,NJ,ACTIVE,NA,
292,34294,NA,SANDWISH INC,NJ_22_8291,NA,3/31/23,40.0583238,-74.4056612,"NA, NA, NJ, 00000",4/1/22,NJ,ACTIVE,NA,
293,34645,NA,SEEHRA RT 88 BRICK LLC,NJ_22_7550,NA,3/31/23,40.0583238,-74.4056612,"NA, NA, NJ, 00000",4/1/22,NJ,ACTIVE,NA,
294,34733,NA,SEVA TRANSPORTATION INC,NJ_22_6385,NA,3/31/23,40.0583238,-74.4056612,"NA, NA, NJ, 00000",4/1/22,NJ,ACTIVE,NA,
295,35528,NA,SHOP RITE FOODARAMA OF FREEHOLD #607,NJ_22_1118,NA,3/31/23,NA,NA,"NA, NA, NA, 00000",4/1/22,NJ,ACTIVE,NA,
296,35587,NA,SHOP RITE OF RAMSEY,NJ_22_1092,NA,3/31/23,NA,NA,"NA, NA, NA, 00000",4/1/22,NJ,ACTIVE,NA,
297,35601,NA,SHOP RITE WINES & LIQUORS OF FREEHOLD,NJ_22_1128,NA,3/31/23,NA,NA,"NA, NA, NA, 00000",4/1/22,NJ,ACTIVE,NA,
298,35620,NA,SHOPPERS EXPRESS,NJ_22_2763,NA,3/31/23,NA,NA,"NA, NA, NA, 00000",4/1/22,NJ,ACTIVE,NA,
299,35671,NA,SHORE BEVERAGE INC.,NJ_22_7400,NA,3/31/23,40.0583238,-74.4056612,"NA, NA, NJ, 00000",4/1/22,NJ,ACTIVE,NA,
300,35738,NA,SHREE HARI KRISHNAY LLC,NJ_22_6421,NA,3/31/23,NA,NA,"NA, NA, NA, 00000",4/1/22,NJ,ACTIVE,NA,
301,36068,NA,SILVERMAN ASSOCIATES. LLC,NJ_22_3493,NA,3/31/23,NA,NA,"NA, NA, NA, 00000",4/1/22,NJ,ACTIVE,NA,
302,36139,NA,SIRI SAI LLC,NJ_22_3155,NA,3/31/23,NA,NA,"NA, NA, NA, 00000",4/1/22,NJ,ACTIVE,NA,
303,36472,NA,SMOKE N VAPE PARK LLC,NJ_22_7607,NA,3/31/23,40.0583238,-74.4056612,"NA, NA, NJ, 00000",4/1/22,NJ,ACTIVE,NA,
304,36578,NA,SMOKER'S HAVEN,NJ_22_1795,NA,3/31/23,NA,NA,"NA, NA, NA, 00000",4/1/22,NJ,ACTIVE,NA,
305,36928,NA,SOMERVILLE FUEL INC.,NJ_22_7761,NA,3/31/23,40.0583238,-74.4056612,"NA, NA, NJ, 00000",4/1/22,NJ,ACTIVE,NA,
306,36976,NA,SOPHIA'S CANDY STORE,NJ_22_4418,NA,3/31/23,40.0583238,-74.4056612,"NA, NA, NJ, 00000",4/1/22,NJ,ACTIVE,NA,
307,37009,NA,SOUTH CAMDEN FOOD MARKET,NJ_22_4300,NA,3/31/23,NA,NA,"NA, NA, NA, 00000",4/1/22,NJ,ACTIVE,NA,
308,37425,NA,SPIRITS UNLIMITED,NJ_22_1599,NA,3/31/23,NA,NA,"NA, NA, NA, 00000",4/1/22,NJ,ACTIVE,NA,
309,37428,NA,SPIRITS UNLIMITED,NJ_22_7647,NA,3/31/23,40.0583238,-74.4056612,"NA, NA, NJ, 00000",4/1/22,NJ,ACTIVE,NA,
310,37533,NA,SREEYA INC,NJ_22_7702,NA,3/31/23,40.0583238,-74.4056612,"NA, NA, NJ, 00000",4/1/22,NJ,ACTIVE,NA,
311,37549,NA,SRI SWAMI BAPA WEST DEPTFORD LLC,NJ_22_7495,NA,3/31/23,40.0583238,-74.4056612,"NA, NA, NJ, 00000",4/1/22,NJ,ACTIVE,NA,
312,37785,NA,STERLING MARKET,NJ_22_4575,NA,3/31/23,NA,NA,"NA, NA, NA, 00000",4/1/22,NJ,ACTIVE,NA,
313,38086,NA,SUBURAN BAR & LIQUOR,NJ_22_4075,NA,3/31/23,NA,NA,"492 JOLINE AVE  UNIT # 10, LONG BRANCH, NJ, 07740",4/1/22,NJ,ACTIVE,NA,
314,38167,NA,SUN DELI,NJ_22_3505,NA,3/31/23,NA,NA,"NA, NA, NA, 00000",4/1/22,NJ,ACTIVE,NA,
315,38547,NA,SUNOCO RETAIL LLC,NJ_22_5761,NA,3/31/23,NA,NA,"NA, NA, NA, 00000",4/1/22,NJ,ACTIVE,NA,
316,38548,NA,SUNOCO RETAIL LLC,NJ_22_5762,NA,3/31/23,NA,NA,"NA, NA, NA, 00000",4/1/22,NJ,ACTIVE,NA,
317,38549,NA,SUNOCO RETAIL LLC,NJ_22_5765,NA,3/31/23,NA,NA,"NA, NA, NA, 00000",4/1/22,NJ,ACTIVE,NA,
318,38550,NA,SUNOCO RETAIL LLC,NJ_22_5766,NA,3/31/23,NA,NA,"NA, NA, NA, 00000",4/1/22,NJ,ACTIVE,NA,
319,38551,NA,SUNOCO RETAIL LLC,NJ_22_5770,NA,3/31/23,NA,NA,"NA, NA, NA, 00000",4/1/22,NJ,ACTIVE,NA,
320,38552,NA,SUNOCO RETAIL LLC,NJ_22_5776,NA,3/31/23,NA,NA,"NA, NA, NA, 00000",4/1/22,NJ,ACTIVE,NA,
321,38553,NA,SUNOCO RETAIL LLC,NJ_22_5779,NA,3/31/23,NA,NA,"NA, NA, NA, 00000",4/1/22,NJ,ACTIVE,NA,
322,39078,NA,TABERNA GRILL LLC,NJ_22_6307,NA,3/31/23,NA,NA,"NA, NA, NA, 00000",4/1/22,NJ,ACTIVE,NA,
323,39139,NA,TANEJA & SONS INC,NJ_22_7939,NA,3/31/23,NA,NA,"21 MILL ST # 8-9, PATERSON, NJ, 07501",4/1/22,NJ,ACTIVE,NA,
324,39312,NA,TGL PARTNERS CORP.,NJ_22_7516,NA,3/31/23,40.0583238,-74.4056612,"NA, NA, NJ, 00000",4/1/22,NJ,ACTIVE,NA,
325,39342,NA,THE ATRIUM,NJ_22_7817,NA,3/31/23,40.0583238,-74.4056612,"NA, NA, NJ, 00000",4/1/22,NJ,ACTIVE,NA,
326,39343,NA,THE ATRIUM KIOSK,NJ_22_7815,NA,3/31/23,40.0583238,-74.4056612,"NA, NA, NJ, 00000",4/1/22,NJ,ACTIVE,NA,
327,39419,NA,THE COMPANY STORE,NJ_19_2957,NA,3/31/21,39.3788733,-74.4334392,"ONE BORGATA WAY, ATLANTIC CITY, NJ, 08401",4/1/19,NJ,EXPIRED,NA,
328,39420,NA,THE COMPANY STORE,NJ_19_7016,NA,3/31/21,39.3788733,-74.4334392,"ONE BORGATA WAY, ATLANTIC CITY, NJ, 08401",4/1/19,NJ,EXPIRED,NA,
329,39421,NA,THE COMPANY STORE,NJ_19_7017,NA,3/31/21,39.3788733,-74.4334392,"ONE BORGATA WAY, ATLANTIC CITY, NJ, 08401",4/1/19,NJ,EXPIRED,NA,
330,39422,NA,THE COMPANY STORE,NJ_19_7018,NA,3/31/21,39.3788733,-74.4334392,"ONE BORGATA WAY, ATLANTIC CITY, NJ, 08401",4/1/19,NJ,EXPIRED,NA,
331,39423,NA,THE COMPANY STORE,NJ_19_7019,NA,3/31/21,39.3788733,-74.4334392,"ONE BORGATA WAY, ATLANTIC CITY, NJ, 08401",4/1/19,NJ,EXPIRED,NA,
332,39424,NA,THE COMPANY STORE,NJ_19_7021,NA,3/31/21,39.3788733,-74.4334392,"ONE BORGATA WAY, ATLANTIC CITY, NJ, 08401",4/1/19,NJ,EXPIRED,NA,
333,39555,NA,"THE MERK, INC.",NJ_22_256,NA,3/31/23,NA,NA,"NA, NA, NA, 00000",4/1/22,NJ,ACTIVE,NA,
334,39575,NA,THE NEW STAND B-13C,NJ_22_6489,NA,3/31/23,NA,NA,"NA, NA, NA, 00000",4/1/22,NJ,ACTIVE,NA,
335,39581,NA,THE NEW STAND B12,NJ_22_6490,NA,3/31/23,NA,NA,"NA, NA, NA, 00000",4/1/22,NJ,ACTIVE,NA,
336,40030,NA,TOBACCO CITY LLC,NJ_22_7682,NA,3/31/23,40.0583238,-74.4056612,"NA, NA, NJ, 00000",4/1/22,NJ,ACTIVE,NA,
337,40148,NA,TOBACCO TOWN  LIMITED LIABILITY COMPANY,NJ_22_4812,NA,3/31/23,40.0583238,-74.4056612,"NA, NA, NJ, 00000",4/1/22,NJ,ACTIVE,NA,
338,40149,NA,TOBACCO TOWN  LIMITED LIABILITY COMPANY,NJ_22_4813,NA,3/31/23,40.0583238,-74.4056612,"NA, NA, NJ, 00000",4/1/22,NJ,ACTIVE,NA,
339,40503,NA,TRAINO'S WINE & SPIRITS,NJ_22_5117,NA,3/31/23,NA,NA,"NA, NA, NA, 00000",4/1/22,NJ,ACTIVE,NA,
340,40512,NA,TRASH LADIES LLC,NJ_22_500,NA,3/31/23,NA,NA,"NA, NA, NA, 00000",4/1/22,NJ,ACTIVE,NA,
341,41267,NA,TWISTED CROWNS HOOKAH LOUNGE LLC,NJ_22_7942,NA,3/31/23,40.0583238,-74.4056612,"NA, NA, NJ, 00000",4/1/22,NJ,ACTIVE,NA,
342,41456,NA,UNI MART,NJ_22_5505,NA,3/31/23,NA,NA,"NA, NA, NA, 00000",4/1/22,NJ,ACTIVE,NA,
343,41573,NA,UNIQUE DELI LLC,NJ_22_4675,NA,3/31/23,NA,NA,"NA, NA, NA, 00000",4/1/22,NJ,ACTIVE,NA,
344,42070,NA,VAPE N GLASS 2 LLC,NJ_22_4450,NA,3/31/23,40.0583238,-74.4056612,"NA, NA, NJ, 00000",4/1/22,NJ,ACTIVE,NA,
345,42176,NA,VASUNDHARA FOOD LLC,NJ_22_8248,NA,3/31/23,40.0583238,-74.4056612,"NA, NA, NJ, 00000",4/1/22,NJ,ACTIVE,NA,
346,42185,NA,VD NEWS 4 LLC,NJ_22_6954,NA,3/31/23,NA,NA,"NA, NA, NA, 00000",4/1/22,NJ,ACTIVE,NA,
347,42413,NA,VILLAGE SUPER MARKET OF NJ LP,NJ_22_2414,NA,3/31/23,NA,NA,"NA, NA, NA, 00000",4/1/22,NJ,ACTIVE,NA,
348,42415,NA,VILLAGE SUPER MARKET OF NJ LP,NJ_22_2431,NA,3/31/23,NA,NA,"NA, NA, NA, 00000",4/1/22,NJ,ACTIVE,NA,
349,42457,NA,VINELAND MINI DELI INC,NJ_22_6670,NA,3/31/23,NA,NA,"NA, NA, NA, 00000",4/1/22,NJ,ACTIVE,NA,
350,42904,NA,WALGREENS #06253,NJ_22_3588,NA,3/31/23,40.69591265,-74.09988356,"1561 JOHN F KENNEDY BLVDÊJersey City,ÊNJÊ07305",4/1/22,NJ,ACTIVE,"lat, lon, address_full",
351,43018,NA,WALGREENS #12003,NJ_22_3644,NA,3/31/23,NA,NA,"5000 PARK BLVDÊWildwood,ÊNJÊ08260",4/1/22,NJ,ACTIVE,"lat, lon, address_full",
352,44103,NA,"WAWA, INC.",NJ_22_1008,NA,3/31/23,40.0583238,-74.4056612,"NA, NA, NJ, 00000",4/1/22,NJ,ACTIVE,NA,
353,44104,NA,"WAWA, INC.",NJ_22_1009,NA,3/31/23,40.0583238,-74.4056612,"NA, NA, NJ, 00000",4/1/22,NJ,ACTIVE,NA,
354,44105,NA,"WAWA, INC.",NJ_22_1010,NA,3/31/23,40.0583238,-74.4056612,"NA, NA, NJ, 00000",4/1/22,NJ,ACTIVE,NA,
355,44812,NA,WILLIAMS DELIGHTS LLC,NJ_22_7752,NA,3/31/23,40.0583238,-74.4056612,"NA, NA, NJ, 00000",4/1/22,NJ,ACTIVE,NA,
356,44834,NA,WILLOW ASSOCIATE INC,NJ_22_7093,NA,3/31/23,40.0583238,-74.4056612,"NA, NA, NJ, 00000",4/1/22,NJ,ACTIVE,NA,
357,44923,NA,WINE ANTHOLOGY,NJ_22_1587,NA,3/31/23,40.0583238,-74.4056612,"NA, NA, NJ, 00000",4/1/22,NJ,ACTIVE,NA,
358,44989,NA,WINE WORLD,NJ_22_2530,NA,3/31/23,NA,NA,"NA, NA, NA, 00000",4/1/22,NJ,ACTIVE,NA,
359,45029,NA,WK FOOD CORP,NJ_22_6479,NA,3/31/23,NA,NA,"NA, NA, NA, 00000",4/1/22,NJ,ACTIVE,NA,
360,45616,NA,ZEBBBY LLC,NJ_22_7447,NA,3/31/23,40.0583238,-74.4056612,"NA, NA, NJ, 00000",4/1/22,NJ,ACTIVE,NA,
361,45662,NA,"ZINEL & NEEL, LLC",NJ_22_4854,NA,3/31/23,40.0583238,-74.4056612,"NA, NA, NJ, 00000",4/1/22,NJ,ACTIVE,NA,
362,45692,NA,ZT BUSINESS LLC,NJ_22_6547,NA,3/31/23,NA,NA,"NA, NA, NA, 00000",4/1/22,NJ,ACTIVE,NA,